0.347870837,0.247513368,0.82508696,0.104381598,0.644372485,0.348581449,0.817159805,0.572719084,0.738967601,0.231946078,0.134547268,0.470682756,0.273034555,0.694122953,0.852758147,0.292341617,0.772436311,0.148310416,1
0.161031318,0.314261381,0.027817287,0.273993396,0.346503459,0.004311907,0.881765058,0.216360026,0.450944785,0.095487548,0.267654588,0.121656821,0.080503833,0.589393454,0.176873707,0.471761528,0.763558805,0.319652263,1
0.667951188,0.960458254,0.375773953,0.887335357,0.405681509,0.165899812,0.695876541,0.267805279,0.352791391,0.482085912,0.631641733,0.181233995,0.357764259,0.933785099,0.979459899,0.547773332,0.699414864,0.537879509,1
0.904021934,0.870845208,0.674137326,0.206964095,0.47047811,0.957069295,0.254233157,0.592758291,0.871369726,0.08851737,0.709923723,0.03821266,0.351378366,0.253013184,0.765090848,0.264138785,0.951246233,0.977918086,0
0.102744267,0.752121668,0.669127685,0.703404628,0.248705251,0.281889369,0.603434164,0.729504677,0.676890295,0.276264635,0.661211604,0.762196039,0.071553095,0.112864014,0.926807081,0.155746928,0.729611985,0.111089318,1
0.294477878,0.591144273,0.135741181,0.125809824,0.293423707,0.19160819,0.484263952,0.875608455,0.087754238,0.613846556,0.731381175,0.979601653,0.465840559,0.735699935,0.644404256,0.350040864,0.796846721,0.598042794,1
0.66444186,0.908065644,0.597396501,0.572775357,0.692224703,0.107560425,0.316308959,0.123963876,0.067403003,0.12281199,0.253838461,0.962965142,0.190102344,0.35264184,0.36019833,0.222584058,0.747819345,0.680341202,1
0.181922965,0.494364227,0.711681183,0.997672657,0.843794023,0.408865512,0.659350751,0.542172738,0.829518722,0.066089758,0.620010279,0.131261461,0.918763026,0.875925936,0.296321703,0.649885037,0.124714546,0.20838135,1
0.803371181,0.723827682,0.336713902,0.356806247,0.775377049,0.177713791,0.496414931,0.954428015,0.609087031,0.676325938,0.222499116,0.708561428,0.42119221,0.987847367,0.898410059,0.947492849,0.758722049,0.938618826,1
0.266400344,0.082750756,0.48401825,0.231745155,0.825115241,0.526184485,0.947884557,0.705842666,0.033411493,0.101028253,0.412451481,0.232935178,0.231920583,0.659596775,0.197834046,0.985493601,0.475974939,0.880388585,1
0.203930833,0.900300919,0.84975216,0.822851922,0.074883522,0.453369912,0.911466198,0.249896345,0.042954639,0.177046762,0.172582999,0.79493847,0.706794579,0.797236626,0.139873675,0.014108185,0.360188568,0.577646116,1
0.14224446,0.299489496,0.069461369,0.767205064,0.35073243,0.391613011,0.350758043,0.995809275,0.925927342,0.110181661,0.293152473,0.168423342,0.687818499,0.484838134,0.865179721,0.503912803,0.189353313,0.190575735,1
0.822376311,0.929742465,0.636379641,0.774029063,0.069786379,0.952201815,0.458392923,0.862605755,0.020849037,0.044529608,0.828699344,0.465160445,0.528560071,0.950144949,0.20537142,0.03099552,0.64099704,0.046142534,1
0.019184581,0.860624679,0.873801785,0.782224743,0.464866124,0.910133852,0.196106758,0.844097062,0.268916189,0.019087042,0.435961678,0.882606648,0.298536207,0.518206952,0.944252222,0.922731526,0.029852841,0.153159414,1
0.642184542,0.651965655,0.739456464,0.896324528,0.422511635,0.422111653,0.957936472,0.177482986,0.380693687,0.598880685,0.99515056,0.045176134,0.977400128,0.861456651,0.383424331,0.524024965,0.834855113,0.835980937,1
0.880958905,0.678215516,0.323977079,0.350468332,0.196893076,0.425407543,0.369372441,0.746437173,0.375006716,0.660778619,0.44770191,0.424051935,0.613883903,0.259610104,0.835655622,0.452124724,0.184532226,0.72623101,0
0.761361954,0.702331745,0.783317117,0.797254207,0.437541444,0.995604886,0.182078588,0.78053094,0.008559674,0.735173493,0.188774947,0.043478597,0.092223453,0.125752306,0.246376893,0.930186187,0.367510907,0.752852357,1
0.984047672,0.421475399,0.26031742,0.44162256,0.194055187,0.573110537,0.639119211,0.115725994,0.155997703,0.051320546,0.231822242,0.811462769,0.624824875,0.881908934,0.821535425,0.777505425,0.956532079,0.887727073,1
0.057538136,0.371858689,0.239596761,0.237271193,0.844611024,0.771141541,0.30573118,0.678422682,0.214955373,0.914452451,0.773147387,0.784687957,0.916232573,0.080730497,0.189165665,0.594975187,0.521233661,0.345569752,1
0.047229891,0.669931063,0.960615037,0.450289128,0.188330399,0.839400338,0.169067365,0.617891868,0.850730134,0.116160259,0.887463186,0.63581811,0.199537211,0.679644674,0.826039613,0.748126906,0.32260083,0.845037246,1
0.331534541,0.511244507,0.236137511,0.633366801,0.615059889,0.622595651,0.905728072,0.932017525,0.249982334,0.326847145,0.214702793,0.751436878,0.730880242,0.635975576,0.486752293,0.276066958,0.151071037,0.874093332,1
0.629164523,0.936071815,0.952169398,0.297275851,0.544134123,0.794966767,0.848582893,0.297503385,0.56764881,0.408972931,0.069486286,0.543988391,0.370288152,0.83676874,0.678909439,0.852240992,0.860859582,0.792058309,1
0.596753118,0.029222167,0.576373341,0.6623612,0.051234183,0.200651607,0.092807542,0.642329062,0.058715994,0.204500761,0.037360193,0.397835254,0.565632806,0.696778037,0.810641292,0.111823643,0.74243334,0.665291527,1
0.889855868,0.337013864,0.267667022,0.146293457,0.611026567,0.607979463,0.932884021,0.100847282,0.647992165,0.639399983,0.493840716,0.278880745,0.83865257,0.048540697,0.576464936,0.133334417,0.727012343,0.024779023,1
0.655646645,0.712006688,0.643306051,0.602247963,0.548331777,0.478596344,0.691801994,0.741660174,0.626878989,0.715417396,0.098867894,0.450470526,0.013330829,0.287964632,0.811485807,0.611514833,0.27371568,0.366619537,1
0.739008973,0.881178507,0.39190358,0.055914997,0.116662487,0.01889073,0.248131368,0.672578092,0.169496756,0.50672422,0.50808346,0.505889851,0.805469113,0.551626873,0.148082557,0.342033608,0.119805567,0.917162221,0
0.916637112,0.384296195,0.583198175,0.657586903,0.869296943,0.659190114,0.985271514,0.937744246,0.894336603,0.865546869,0.306271348,0.77498637,0.496498434,0.35932063,0.181798285,0.345547325,0.22895697,0.221348574,1
0.474680908,0.411533977,0.923706254,0.610101028,0.739776069,0.651408055,0.927092628,0.396542014,0.888477328,0.251308408,0.305146094,0.835318621,0.155242848,0.83249184,0.154345332,0.480435631,0.267435591,0.540282442,1
0.940834046,0.57266071,0.440570552,0.202820659,0.998943859,0.756145759,0.234253573,0.322156182,0.616809108,0.260422973,0.694949252,0.849162718,0.043930401,0.78480055,0.631047245,0.371969602,0.175242767,0.186461351,1
0.563715683,0.093467171,0.160932173,0.968384368,0.598449406,0.992504826,0.527006693,0.037966007,0.911902208,0.013105091,0.389601482,0.308644623,0.673869541,0.573486895,0.252139384,0.400530141,0.046408641,0.796431594,1
0.384706539,0.03910944,0.339599388,0.570647828,0.522721328,0.731495454,0.98905428,0.357091953,0.707247685,0.209177982,0.32606637,0.008734696,0.889394679,0.662411203,0.380451674,0.512596574,0.610239954,0.95802862,1
0.745755002,0.80949214,0.291883434,0.960685131,0.897129332,0.051042709,0.598251447,0.256330919,0.532689214,0.629362809,0.088813636,0.033144151,0.482926083,0.055109244,0.560793175,0.48874269,0.411851337,0.85664949,1
0.470853316,0.760937668,0.231490153,0.387352361,0.581273324,0.713967077,0.439633996,0.922298093,0.277457422,0.952210509,0.370288223,0.401795883,0.767499966,0.866948468,0.933209185,0.321188476,0.179950449,0.472629762,1
0.555162211,0.348562335,0.351688422,0.618196833,0.863873214,0.104125111,0.787316407,0.853841762,0.827690949,0.077506687,0.758050246,0.504778327,0.603069616,0.29765861,0.969548054,0.020837657,0.557648076,0.526361405,1
0.558515138,0.304298236,0.206890246,0.937725908,0.172136676,0.098598881,0.276763804,0.838233607,0.807054848,0.767196869,0.949863053,0.387742105,0.704444858,0.899291258,0.735423295,0.753626087,0.008822855,0.68728355,1
0.280234803,0.616039823,0.903172704,0.095170975,0.390351304,0.488833328,0.099462397,0.534661218,0.747438575,0.196774148,0.99055251,0.266928613,0.743248778,0.991030944,0.077064692,0.691833854,0.971464181,0.234572754,1
0.981675421,0.977893582,0.094385562,0.120069341,0.925437848,0.233923708,0.56900935,0.756128097,0.239040731,0.294930399,0.940612174,0.101573977,0.40993169,0.727161413,0.035747051,0.205246063,0.133671512,0.824573515,0
0.086920917,0.570110928,0.813366596,0.113995557,0.571116462,0.721915763,0.854719709,0.465594467,0.072664359,0.216751258,0.581019866,0.073180632,0.969761969,0.337096207,0.908715647,0.837052857,0.792421723,0.722052983,1
0.615374471,0.469074691,0.365986607,0.328323529,0.117892737,0.382982277,0.390612726,0.365672675,0.628102837,0.344545012,0.116492466,0.866613297,0.977892879,0.504013582,0.090686127,0.890545549,0.024071749,0.709210932,1
0.908602756,0.546622906,0.828465303,0.258334519,0.629620988,0.073599449,0.334935279,0.029204858,0.264651214,0.130112844,0.871151381,0.216790056,0.578395479,0.271221055,0.416923026,0.254056678,0.401288288,0.03975145,0
0.016367367,0.728032315,0.458064043,0.62985731,0.143796895,0.372502691,0.682731221,0.238651095,0.720877847,0.399115076,0.501220943,0.712869947,0.331205696,0.848007513,0.803020472,0.674748763,0.612374774,0.969469097,1
0.063982519,0.598422396,0.530001034,0.457353844,0.361115625,0.82824352,0.534984187,0.49463494,0.518907527,0.77773254,0.454033489,0.659845415,0.402294506,0.671176945,0.959958268,0.068911633,0.149598068,0.332331161,1
0.923358411,0.025878161,0.419064663,0.430766063,0.528249688,0.263454923,0.007666673,0.30346441,0.901134303,0.117650501,0.297487711,0.733015024,0.344200372,0.90616972,0.132540222,0.882522446,0.600353776,0.582208638,1
0.170843619,0.475238399,0.490735263,0.135758568,0.662580476,0.057444438,0.160144005,0.624372053,0.612533295,0.236212908,0.987329919,0.414722472,0.788340581,0.022417968,0.495263607,0.212953544,0.349003487,0.785378208,1
0.59056466,0.215672207,0.702604641,0.837609669,0.028337131,0.149588885,0.617821534,0.870371665,0.956790036,0.545823169,0.601298662,0.275855883,0.864088544,0.006802625,0.105433582,0.425218312,0.827257415,0.398293398,1
0.713265992,0.361708005,0.360131173,0.900578779,0.770371465,0.571772906,0.937406636,0.427481507,0.236837666,0.885329111,0.840436995,0.68689451,0.634521308,0.557664887,0.754862124,0.085975506,0.93401809,0.669536294,1
0.464441785,0.351110291,0.30163704,0.466370342,0.26312077,0.066676785,0.14773968,0.772106058,0.3020811,0.037432182,0.14517391,0.097652566,0.061369011,0.333053382,0.566479779,0.434046983,0.101332357,0.086633602,1
0.375980202,0.818756189,0.810220003,0.541949203,0.405163706,0.898075394,0.729471286,0.668280611,0.939704323,0.186824782,0.913274962,0.531635872,0.217746438,0.434888858,0.921679775,0.38002589,0.522257973,0.501644541,1
0.835611696,0.500744933,0.571234255,0.181394109,0.012042946,0.38363948,0.405899292,0.973689891,0.490388885,0.386944982,0.702081697,0.30274151,0.962115009,0.918080804,0.363025042,0.632696031,0.388587457,0.11659715,1
0.146536226,0.442065036,0.761277427,0.471866388,0.492870676,0.686770453,0.087040655,0.777556533,0.817480519,0.813311582,0.120348189,0.830848199,0.905543886,0.40501343,0.066924802,0.476083203,0.94268458,0.134010483,1
0.069830397,0.156310523,0.080642455,0.425460377,0.239156567,0.58264307,0.0784723,0.947751562,0.08309295,0.338774983,0.569142425,0.290176866,0.925266377,0.323697808,0.471845719,0.734746069,0.341565476,0.973040179,1
0.870579097,0.454673906,0.894270307,0.011855168,0.282639694,0.943005267,0.555406986,0.411043044,0.875674973,0.483846547,0.207330744,0.015665395,0.547360302,0.119794643,0.436437531,0.408787618,0.853762086,0.020763746,1
0.407352028,0.262536998,0.547112623,0.563502934,0.968180774,0.494137487,0.977989436,0.579348208,0.91942306,0.579785794,0.925751074,0.974851939,0.647656142,0.011923919,0.452617471,0.428081293,0.922734794,0.38745195,1
0.223609765,0.426905667,0.692137405,0.217667984,0.659814957,0.468329236,0.688746471,0.488799616,0.133837748,0.178896954,0.536794826,0.694131088,0.046264226,0.470750878,0.710313606,0.993312075,0.452984622,0.649062579,1
0.949529162,0.53054402,0.465343338,0.668566049,0.376351918,0.354477587,0.886330701,0.468233688,0.636721265,0.271263493,0.197013421,0.808807149,0.984926171,0.579505186,0.354365456,0.716597103,0.819686174,0.507921262,1
0.522286436,0.288051329,0.981506118,0.334803521,0.792426779,0.293332396,0.778445257,0.631522812,0.285417786,0.402092903,0.169960686,0.854167346,0.128888806,0.185075546,0.627585269,0.819210423,0.073643439,0.266379433,1
0.627525483,0.253132271,0.039083083,0.765334546,0.256015103,0.945511278,0.414964335,0.342747134,0.796349014,0.342375507,0.576510862,0.124302556,0.176650842,0.130491956,0.594120243,0.764633688,0.827804274,0.952923394,1
0.884722361,0.624300913,0.113688536,0.976175519,0.873355195,0.509051663,0.329186511,0.635550079,0.553999192,0.882736203,0.790747569,0.719346037,0.118662286,0.628321027,0.475085849,0.562572188,0.976719914,0.324461406,1
0.50059915,0.27752607,0.521337556,0.372239198,0.561640711,0.7021672,0.375269832,0.751769768,0.447517881,0.53588441,0.017653829,0.58192398,0.989984691,0.390426382,0.281665332,0.996081925,0.017740868,0.96144667,1
0.416494402,0.836419104,0.735131156,0.063750078,0.006496401,0.761901678,0.189476514,0.524431937,0.776502749,0.946905396,0.645526333,0.599674262,0.509690494,0.275761312,0.744238668,0.864749319,0.704122325,0.922457075,1
0.511710492,0.661923916,0.469432496,0.805302793,0.806319936,0.971167298,0.811571925,0.054232016,0.387502797,0.359863691,0.460488802,0.345396534,0.146697849,0.684887682,0.32204885,0.634995507,0.395029209,0.554678705,1
0.487058639,0.543548632,0.709914153,0.714643143,0.267493679,0.565613456,0.860770883,0.597582678,0.760392649,0.797278514,0.936348518,0.368561374,0.098085337,0.214705776,0.276166317,0.571363927,0.362372816,0.275504419,1
0.795571531,0.581306978,0.314834637,0.475805049,0.101829886,0.595686497,0.432461229,0.311303051,0.669665484,0.984423068,0.48037957,0.75827294,0.115298558,0.742109231,0.058387968,0.559389418,0.813438891,0.465709584,1
0.029674041,0.765069046,0.503871559,0.645790778,0.04724204,0.638945162,0.540828813,0.080022923,0.475586359,0.570706064,0.338053191,0.743530159,0.752361857,0.102329573,0.654077511,0.060762222,0.685604834,0.75941118,1
0.49939693,0.220238238,0.17189919,0.625887042,0.412757924,0.672783082,0.615495942,0.379483338,0.053473524,0.081121878,0.426908731,0.323293173,0.180489467,0.652058119,0.338704219,0.37408643,0.905545189,0.203932385,1
0.023606209,0.234274297,0.140024699,0.784114053,0.750818009,0.274500972,0.792801489,0.3111001,0.949374372,0.189262698,0.738725466,0.200724438,0.839691304,0.62621422,0.522711164,0.610287173,0.496146983,0.000262623,1
0.453363411,0.096726089,0.223834096,0.250771867,0.96191416,0.778300548,0.454327172,0.988597754,0.76536016,0.373887646,0.920885411,0.860784614,0.856380261,0.904239286,0.50742566,0.025549701,0.590664375,0.655038142,1
0.229996495,0.898676064,0.694673384,0.319485411,0.787094026,0.646577321,0.186440075,0.433245577,0.701672785,0.780471006,0.058863126,0.558368798,0.778600609,0.763672651,0.051100843,0.301930917,0.897348256,0.929953384,1
0.507060532,0.124989221,0.397506225,0.940874889,0.818893503,0.401457785,0.726404295,0.510348267,0.542173342,0.764925145,0.467139954,0.499380182,0.570206196,0.057710636,0.270642987,0.847702566,0.531728144,0.72911734,1
0.096363569,0.405112335,0.383683837,0.728200186,0.557472774,0.226594881,0.572384851,0.014880882,0.103235795,0.4122943,0.472705859,0.651612519,0.608906193,0.674814065,0.858265484,0.806289946,0.845735474,0.125828749,1
0.390909799,0.481450982,0.72944249,0.794122691,0.097320791,0.079586904,0.064291776,0.093171012,0.680181717,0.965443127,0.762595383,0.524885467,0.427581044,0.30719698,0.704917186,0.707861307,0.488367213,0.585032741,1
0.379701338,0.463152746,0.540450245,0.307219406,0.79895594,0.218533174,0.386301094,0.958022184,0.313142898,0.663791585,0.550491308,0.059592589,0.457512505,0.373730532,0.206414995,0.097309764,0.422113217,0.459691415,1
0.645146057,0.74896048,0.451616398,0.223926628,0.31756522,0.708296353,0.627475401,0.571772306,0.421583582,0.800540363,0.955196498,0.550707861,0.034296098,0.069697013,0.027345596,0.532676106,0.245335094,0.42987854,1
0.206935412,0.854502868,0.275651586,0.850838257,0.717463866,0.088588219,0.974357609,0.223561277,0.257284805,0.553771838,0.245979367,0.826926756,0.682079767,0.704099282,0.168093618,0.784467446,0.004093058,0.498645007,1
0.934812779,0.196742685,0.682300174,0.322342296,0.001889182,0.754481196,0.505017006,0.735163464,0.16423997,0.059952854,0.651389976,0.490304089,0.443445721,0.028134036,0.10658866,0.869394839,0.464121201,0.175782447,1
0.010827832,0.232087386,0.473796463,0.001972154,0.987713278,0.664730774,0.588253963,0.290549508,0.205394004,0.240954768,0.31698169,0.141576946,0.929449666,0.599413803,0.595217287,0.90691128,0.580693003,0.161065958,1
0.610272199,0.207439583,0.819977069,0.552235984,0.980207356,0.690507975,0.505926913,0.334097261,0.028830624,0.992841997,0.51251232,0.902926007,0.134349256,0.221084173,0.158596406,0.79395113,0.478122684,0.492084055,1
0.516960648,0.962823177,0.527265261,0.34330968,0.860838344,0.29769054,0.299831155,0.805940207,0.991471714,0.572675071,0.463851322,0.193913992,0.537695933,0.451768506,0.972711292,0.091342698,0.057113039,0.81992356,1
0.342483986,0.006249832,0.688058311,0.43859384,0.514715478,0.308177312,0.590764182,0.587743052,0.357530866,0.504060074,0.893615202,0.390113245,0.522633729,0.179817092,0.657982599,0.589526695,0.754800507,0.564575465,1
0.258795406,0.951451056,0.174003532,0.945407427,0.298732836,0.937822413,0.512185066,0.544800212,0.506244272,0.138637063,0.805465534,0.782614741,0.87864292,0.362988286,0.235490788,0.506835778,0.676490169,0.593070556,1
0.927926667,0.621088991,0.498511472,0.303224212,0.162427734,0.432369086,0.101963809,0.910234615,0.805387152,0.461147611,0.640479328,0.019830858,0.335794982,0.466478802,0.243679549,0.967689505,0.093832505,0.437396967,1
0.689810247,0.328686856,0.977121306,0.156897657,0.902543602,0.81247082,0.074166554,0.41845928,0.724183177,0.683845931,0.968001167,0.664103077,0.847728625,0.640099594,0.582007153,0.420025446,0.095027909,0.514397151,1
0.248296855,0.739771066,0.658540506,0.993971247,0.152027159,0.196782672,0.106830999,0.795967168,0.333085775,0.089206687,0.805863195,0.607908362,0.057002265,0.751165315,0.601199205,0.933742811,0.69346841,0.169114697,1
0.037891798,0.990518724,0.592573279,0.593762809,0.855545449,0.329175855,0.284524011,0.723086268,0.145084928,0.473331403,0.523030227,0.600533261,0.724052036,0.241927917,0.042108026,0.536824166,0.709043988,0.446554839,1
0.574971484,0.152417172,0.050306699,0.549981944,0.519282193,0.863378508,0.998930076,0.711863253,0.714207987,0.704238697,0.965440313,0.66901839,0.13916905,0.891036742,0.489856272,0.233513036,0.654408815,0.746954134,1
0.221992376,0.861821829,0.898383852,0.035001033,0.648551522,0.130745682,0.655328611,0.964894413,0.856571432,0.944124694,0.040388834,0.6206887,0.372720439,0.80071691,0.774951657,0.815042233,0.768840238,0.056440611,1
0.117877578,0.506361701,0.938070724,0.862055209,0.534569055,0.438418727,0.739869275,0.186136428,0.581128089,0.249995612,0.769351311,0.630600303,0.016972933,0.811580778,0.798176716,0.541734412,0.168766127,0.774691629,1
0.794202019,0.087101327,0.178027212,0.526603828,0.486631604,0.035691737,0.482286571,0.82226225,0.111024623,0.722830945,0.559078663,0.577277128,0.668651966,0.539847225,0.551917009,0.768149552,0.663375258,0.6319035,1
0.442698383,0.181214889,0.785057463,0.677275597,0.838843944,0.15921127,0.030116398,0.22187989,0.575560694,0.435146797,0.429959425,0.147092405,0.871213284,0.139550848,0.586808172,0.041773905,0.62703822,0.382205398,1
0.604274397,0.01368971,0.020550639,0.499303731,0.815353914,0.592449095,0.863678519,0.129053759,0.193048146,0.635245236,0.852187656,0.748406054,0.959874513,0.524044385,0.987116796,0.914304449,0.27797418,0.340787463,1
0.917928108,0.269367962,0.752248118,0.686799306,0.356055099,0.010176686,0.018212649,0.81481589,0.367024469,0.729116543,0.100964248,0.061516403,0.511774318,0.238309819,0.870144001,0.306656306,0.433081531,0.071215068,1
0.956882311,0.736500794,0.152273885,0.489808963,0.312784682,0.09105836,0.220205747,0.766321783,0.224435689,0.523498404,0.350767234,0.94128806,0.660636012,0.777865596,0.332632813,0.917121986,0.255027419,0.480801147,0
0.619920167,0.185850194,0.252927487,0.199147381,0.941072469,0.518782514,0.319470528,0.702123331,0.289406122,0.144964699,0.901473563,0.487687782,0.655042635,0.144613154,0.42758484,0.587680131,0.569669364,0.903972309,1
0.125499148,0.707729672,0.47962377,0.165073589,0.158408805,0.466025154,0.701944832,0.146734176,0.588549882,0.215681002,0.157364159,0.870027658,0.538949591,0.771205485,0.256712017,0.899892774,0.62901152,0.223181911,1
0.039060106,0.789472334,0.100868914,0.07675839,0.992930773,0.983940691,0.204307159,0.475560708,0.131342656,0.893282138,0.222072155,0.001281531,0.310338627,0.729814841,0.937951217,0.802505776,0.868052855,0.033363477,1
0.478391196,0.034884417,0.428486453,0.868366354,0.131700166,0.243024374,0.425176318,0.275613721,0.179392692,0.817978167,0.239688362,0.519286182,0.032273343,0.566691486,0.500222072,0.294796406,0.447884932,0.693319625,1
0.270209419,0.812742475,0.586661739,0.027160888,0.681171912,0.53506528,0.749929218,0.683763771,0.09929282,0.836560581,0.819028376,0.085001496,0.908194748,0.85477124,0.668614997,0.19056119,0.381827291,0.285891695,1
0.760378996,0.969529036,0.046424494,0.368553986,0.093269688,0.919509651,0.869802168,0.434374792,0.565341963,0.316267551,0.139246159,0.481637233,0.665316217,0.040425462,0.68971344,0.446805186,0.712313736,0.127982611,0
0.001870206,0.10825614,0.724550033,0.398611011,0.200437769,0.134773822,0.227136177,0.077468177,0.782759695,0.592842055,0.150917715,0.896464177,0.50316611,0.965036793,0.844456745,0.5813491,0.637655418,0.062903869,1
0.896433749,0.675069237,0.748662504,0.484722108,0.929033463,0.012658322,0.448481076,0.121607158,0.7344662,0.717631397,0.280407954,0.888536502,0.713305293,0.49744965,0.372029439,0.952488135,0.54612406,0.48488241,1
0.728878399,0.998371659,0.381372356,0.406667759,0.593533239,0.820767289,0.116271302,0.528448744,0.840549385,0.960544845,0.676739393,0.475426597,0.872487369,0.507360633,0.4113803,0.740819449,0.786422141,0.195858325,1
0.421671744,0.776998081,0.129900521,0.248317631,0.946295319,0.272088913,0.836930999,0.243796858,0.50370653,0.671487569,0.395895802,0.592977706,0.854877387,0.094900243,0.699626729,0.229775125,0.206711804,0.232633157,1
0.697956379,0.566537572,0.602045261,0.15340041,0.37094003,0.916204932,0.607885845,0.180734072,0.882823111,0.832437701,0.074974657,0.23520602,0.184784615,0.167604489,0.083075162,0.798535285,0.505768655,0.259376284,1
0.397018599,0.070974052,0.885361615,0.69225523,0.382775119,0.92483511,0.293287378,0.554447497,0.209380392,0.171363301,0.26176947,0.73560751,0.345367382,0.161559017,0.095692126,0.065048722,0.214981702,0.528374601,1
0.235945685,0.887568305,0.609338756,0.417184366,0.67766342,0.850878522,0.208989886,0.941735948,0.346429705,0.007005914,0.028497937,0.682978252,0.796063319,0.003692305,0.135425756,0.178032402,0.805768084,0.841354584,1
0.966493538,0.25862783,0.967974129,0.726583567,0.440960694,0.633708047,0.279531173,0.021821937,0.340958624,0.619931457,0.178048593,0.936478254,0.518494904,0.614006281,0.439252586,0.102905702,0.300663321,0.767193876,1
0.33552235,0.239935873,0.065572629,0.740459768,0.30968778,0.803356214,0.467324958,0.086100542,0.176107327,0.994917804,0.375472364,0.052202804,0.63000719,0.982722137,0.617213113,0.120198346,0.26478779,0.119263965,1
0.436968107,0.306491103,0.908159185,0.736175811,0.704224586,0.54152775,0.322801505,0.721685034,0.429870233,0.513413341,0.109101393,0.694458993,0.995611784,0.827271756,0.403431938,0.57483833,0.584562067,0.452357342,1
0.287042551,0.003512304,0.405924696,0.848520475,0.908554952,0.040395626,0.174567831,0.792452968,0.049546704,0.605616932,0.837201599,0.241061211,0.248625886,0.036556701,0.029383815,0.139110448,0.978701157,0.3597419,1
0.432106506,0.37906188,0.058318106,0.071482762,0.181130643,0.869662183,0.920852406,0.511234703,0.653046567,0.855192912,0.638651363,0.844116317,0.387814426,0.388239204,0.548030744,0.356123724,0.43877116,0.742075438,1
0.154345076,0.495892073,0.850294242,0.557203138,0.399206254,0.315421245,0.476278462,0.661139069,0.119828537,0.566519894,0.161704245,0.314647345,0.381870508,0.811075343,0.53422793,0.077015408,0.501630511,0.417322565,1
0.78333509,0.892363447,0.80212258,0.984419024,0.21219313,0.808874752,0.264225976,0.96981577,0.144152089,0.741066557,0.385611161,0.071712045,0.935856407,0.227156059,0.56738756,0.049070165,0.375561166,0.104409731,0
0.360608266,0.55711642,0.944252158,0.478799481,0.73191074,0.51356797,0.961204309,0.917350998,0.011853067,0.4594383,0.378552276,0.460535166,0.02755425,0.248323637,0.78586784,0.874545679,0.962734774,0.247463885,1
0.353072906,0.976927932,0.087818889,0.811696618,0.060712688,0.614588133,0.967890298,0.351552786,0.441051226,0.601436702,0.33305733,0.185302629,0.250442374,0.583833757,0.284573393,0.491178016,0.166021726,0.622016302,1
0.051490982,0.145372317,0.630379509,0.753983835,0.108569629,0.981814133,0.378163383,0.614405487,0.481148572,0.493238105,0.826432098,0.587757111,0.940121915,0.566471188,0.726705871,0.554593711,0.572746826,0.871987477,1
0.079825848,0.203323668,0.771970491,0.139413711,0.021106846,0.168603987,0.564576607,0.32645134,0.412704761,0.9387219,0.443985119,0.208907667,0.688997863,0.945916409,0.004030131,0.038272009,0.066066233,0.736863793,0
0.137377676,0.658009983,0.034348914,0.092817642,0.25127123,0.873911079,0.493678159,0.108777909,0.694076513,0.164773225,0.496582529,0.768489229,0.430967873,0.20092739,0.459193095,0.16234964,0.112743708,0.053235496,1
0.540155938,0.411070758,0.833445366,0.244320322,0.305401417,0.12122746,0.648147516,0.414485128,0.405928564,0.82379134,0.565738486,0.96857307,0.486068481,0.017613964,0.374522008,0.855736291,0.306998847,0.012072354,1
0.31775245,0.609583387,0.319489577,0.211962478,0.66809387,0.783670071,0.152953213,0.821482409,0.983728875,0.858348752,0.052126629,0.512401561,0.100102117,0.715234705,0.18373689,0.830006506,0.989524336,0.244426565,1
0.324435224,0.721683483,0.195449839,0.924606027,0.881455584,0.111447574,0.341240434,0.23090212,0.644288182,0.751965554,0.6084509,0.261922771,0.617319254,0.74962774,0.12478807,0.703361766,0.041845152,0.315522689,1
0.183933279,0.437340126,0.285545474,0.082354351,0.552144754,0.258567992,0.122338091,0.040723914,0.975786705,0.310361776,0.741989222,0.960358932,0.434485605,0.094096795,0.390292101,0.729261226,0.318428189,0.142755739,1
0.652824478,0.43289141,0.425833132,0.513421758,0.125724249,0.554324012,0.548949548,0.877929918,0.422338877,0.431623914,0.40668215,0.915345339,0.414642082,0.34510178,0.892946162,0.148013542,0.298068331,0.942026782,1
0.532635131,0.822421818,0.247563159,0.313042545,0.620362743,0.216540807,0.877579678,0.136796645,0.253554114,0.683211536,0.20374369,0.288497402,0.832959734,0.604862605,0.886001669,0.694695879,0.909134785,0.41329983,1
0.091161705,0.074867337,0.165089767,0.348357934,0.757030893,0.880363689,0.034781366,0.559066545,0.862127442,0.975202882,0.863311466,0.820539132,0.362866129,0.820266808,0.674525624,0.603650259,0.988495184,0.913295382,1
0.967231604,0.642814644,0.661938581,0.381564439,0.457068783,0.585060147,0.708471786,0.448777688,0.899022817,0.981365323,0.958853314,0.875472696,0.946543711,0.085793859,0.877640493,0.642688907,0.224463266,0.298612851,0
0.709221647,0.772142816,0.997249589,0.194090042,0.496495248,0.047236308,0.464068429,0.696780033,0.786435559,0.454626157,0.933070603,0.080629884,0.223051762,0.423734653,0.755844269,0.398337372,0.73383441,0.660655671,1
0.49259684,0.375189245,0.072782533,0.979013243,0.8325492,0.746756687,0.556796426,0.28042427,0.460566142,0.469540698,0.691355548,0.195723161,0.748789917,0.208734344,0.12048778,0.246483385,0.866608983,0.802487961,1
0.846193084,0.389783713,0.916041128,0.964459163,0.780975979,0.975641738,0.841242538,0.913231087,0.389870486,0.748607057,0.876916391,0.571627198,0.326669451,0.074939224,0.994088203,0.841021645,0.078182686,0.075543296,1
0.677213061,0.63556878,0.109793331,0.615371099,0.232059071,0.141934316,0.070342417,0.804357958,0.196904168,0.530950695,0.192808668,0.429450714,0.80912049,0.231021423,0.517388419,0.620841832,0.996128747,0.302258663,1
0.830873319,0.874048258,0.220071227,0.809309606,0.935032633,0.743757148,0.773500248,0.994230435,0.397147973,0.152581869,0.799012774,0.997044491,0.087939529,0.923808104,0.216877567,0.682754397,0.536075479,0.00771803,1
0.075530009,0.786833023,0.349690116,0.291420131,0.88344137,0.776776858,0.119931101,0.009844618,0.187541264,0.496379104,0.788886804,0.339764065,0.448152756,0.394941607,0.428549421,0.284202642,0.467604217,0.161174236,1
0.537677343,0.447557234,0.844069404,0.177022022,0.037279814,0.529161595,0.753003111,0.161866925,0.793860757,0.918550392,0.346241726,0.790146389,0.759560448,0.319982047,0.829080415,0.388648287,0.35035225,0.715673006,1
0.808675148,0.357042163,0.012811105,0.599547386,0.177580907,0.12683698,0.76311491,0.606587392,0.465439726,0.691356407,0.066098765,0.377257903,0.105607195,0.757512091,0.949646412,0.197626865,0.459817842,0.305932305,1
0.815117011,0.587942363,0.562618749,0.271722966,0.761360274,0.232416805,0.638037379,0.201022586,0.982214771,0.370801041,0.849556354,0.332243301,0.58906419,0.483082247,0.227572992,0.002748962,0.679975447,0.516867235,1
0.775801158,0.688814771,0.003129673,0.706780554,0.448407589,0.69583799,0.417704761,0.893613572,0.68680785,0.783750947,0.519879267,0.136856226,0.240399255,0.261542119,0.444906369,0.521280421,0.237650351,0.549606558,1
0.637377734,0.628366082,0.126606297,0.67971243,0.082717952,0.254159175,0.272034669,0.061771588,0.113178955,0.877232412,0.978779659,0.908144561,0.813522034,0.536834843,0.541369905,0.624387063,0.891204615,0.625595662,0
0.781984337,0.065602879,0.756444838,0.718616347,0.951756618,0.932811096,0.228892773,0.898855096,0.816499926,0.870750855,0.003281992,0.549940069,0.775842865,0.977596182,0.083731013,0.16922039,0.070945341,0.292032628,1
0.736351399,0.131383612,0.62099311,0.830793224,0.912623374,0.628167958,0.004658495,0.160471398,0.003230983,0.647858026,0.542181958,0.801094127,0.238182459,0.721547412,0.304581347,0.364232187,0.198845035,0.283192417,1
0.304716739,0.646314774,0.214829113,0.91376783,0.508740531,0.249935392,0.054797663,0.023960442,0.932713215,0.84402261,0.683191148,0.336406592,0.054896056,0.49103412,0.881147425,0.458097819,0.242479334,0.810462849,1
0.173673769,0.550204029,0.36872866,0.0838282,0.722387652,0.061737719,0.672774506,0.493664421,0.229607268,0.97157915,0.315047524,0.226912448,0.202375799,0.188990252,0.532081001,0.78323638,0.289565209,0.607573698,1
0.276553881,0.144302777,0.865070008,0.58137743,0.421105445,0.737291498,0.530197735,0.458040054,0.023928197,0.902965054,0.404912629,0.112129999,0.282252171,0.533092201,0.228942576,0.498556673,0.9488073,0.600090717,1
0.252175028,0.052220392,0.881687922,0.36662044,0.20633791,0.179638205,0.897458271,0.848829108,0.65659221,0.651868184,0.671425372,0.727242619,0.214327031,0.406808473,0.263344819,0.888439037,0.088817555,0.98780571,1
0.314175675,0.225147681,0.626570479,0.501609065,0.686487876,0.892983704,0.241266955,0.057582697,0.499764841,0.446237191,0.339379119,0.417584256,0.825764677,0.772926978,0.744612539,0.279862527,0.202818872,0.637681761,1
0.85262347,0.60165906,0.027015911,0.008830992,0.147068518,0.96206373,0.049087672,0.06844794,0.217012666,0.160669913,0.419515559,0.380476922,0.157755842,0.789583735,0.951492831,0.683517078,0.054471208,0.253743126,1
0.841224896,0.324934118,0.655249725,0.043974366,0.062797633,0.370235103,0.716014171,0.191166104,0.093658027,0.350210246,0.858137848,0.356704472,0.317414155,0.61853276,0.463198864,0.08098678,0.131966699,0.390403958,1
0.425617324,0.984028377,0.868403917,0.90574677,0.330085015,0.356382488,0.359512846,0.04868665,0.336579652,0.261655837,0.724893625,0.158162295,0.263220169,0.883640128,0.310018752,0.902003119,0.879792323,0.612016868,1
0.993626775,0.523005145,0.798929474,0.841537669,0.745668927,0.031098949,0.828187251,0.168733006,0.732975081,0.292363524,0.596795122,0.352575783,0.89643153,0.968269822,0.611854062,0.392866724,0.804217026,0.031699859,1
0.996840501,0.457519699,0.790109869,0.921123866,0.624876859,0.887695841,0.137023107,0.653770577,0.066509363,0.556522085,0.74762789,0.925941619,0.95052039,0.941008,0.767869726,0.724547828,0.839793032,0.179925748,1
0.874512547,0.692391417,0.533348287,0.264326674,0.387874135,0.150108537,0.665278271,0.600476327,0.99717202,0.02760485,0.364251085,0.154547495,0.790888499,0.958196767,0.730198526,0.974002606,0.912881539,0.674836877,1
0.547343871,0.940617461,0.919248433,0.053231943,0.972738397,0.342876173,0.890908794,0.644626661,0.318193766,0.540689689,0.360390256,0.439818881,0.47172055,0.710596316,0.063851397,0.32501306,0.444371592,0.999655029,1
0.677927218,0.10358414,0.261311208,0.875934016,0.276559168,0.824333151,0.05970268,0.392584991,0.848495045,0.89985563,0.590519184,0.024480323,0.122579086,0.062629058,0.916449274,0.959477418,0.671132164,0.558983653,1
0.754823138,0.342856922,0.988780613,0.530047433,0.503939697,0.668352688,0.143071046,0.283541334,0.483584814,0.305506309,0.720637257,0.704898116,0.82049108,0.109869983,0.114369976,0.965698449,0.658189234,0.763538367,1
0.857535348,0.395179902,0.776484201,0.856684964,0.224194531,0.903020296,0.669577398,0.373707494,0.55577218,0.847110648,0.130305777,0.43559293,0.451273461,0.514185484,0.610468907,0.312057012,0.158383786,0.369847706,1
0.161153373,0.926149335,0.309720364,0.821354659,0.587963315,0.027680125,0.257915457,0.562255877,0.468734994,0.443925346,0.878535153,0.410226779,0.473680599,0.477524201,0.347170153,0.65005121,0.562690443,0.427225319,1
0.724716619,0.162775702,0.204878601,0.028564557,0.429453006,0.549441164,0.396637038,0.831723766,0.835166658,0.809279605,0.274929419,0.891889724,0.006716442,0.999689456,0.009530045,0.008029155,0.782901614,0.470492156,1
0.686859906,0.121835464,0.716784688,0.586173388,0.480663658,0.620981605,0.165217013,0.451629924,0.964817782,0.280845873,0.015480649,0.106660987,0.550965707,0.457225557,0.718171412,0.053601574,0.928324545,0.372338659,1
0.401945878,0.048769301,0.993734204,0.652519921,0.33677617,0.287515392,0.954549364,0.657516333,0.515852224,0.932176566,0.047366984,0.615654456,0.735538461,0.414487005,0.996005997,0.221706408,0.423969196,0.831995856,1
0.580379944,0.535116785,0.191019779,0.287496042,0.602565472,0.325891503,0.128332082,0.14236923,0.665925495,0.793841419,0.022413309,0.640450097,0.761145717,0.282374182,0.686995042,0.259523162,0.016632219,0.443889668,1
0.953891581,0.31902627,0.147186384,0.168557476,0.324568578,0.558532686,0.738239036,0.440862894,0.278163522,0.758517533,0.487949007,0.244646514,0.284429399,0.428025899,0.325337858,0.756716033,0.287460689,0.40334412,1
0.567830486,0.944828515,0.413111313,0.415688798,0.699837785,0.206978083,0.346303374,0.85924858,0.52367176,0.286834429,0.079056315,0.932947417,0.641261149,0.134066899,0.965125816,0.124220008,0.55210435,0.990712499,0
0.449740451,0.191086765,0.859239036,0.894408444,0.636306496,0.413166136,0.90538784,0.20639224,0.937402263,0.705591957,0.259377091,0.317979145,0.00433221,0.44981452,0.049893829,0.44167865,0.311615259,0.780121195,1
0.196752962,0.914178374,0.008919631,0.882619822,0.893570897,0.397539374,0.024149504,0.903142893,0.593606292,0.379507192,0.12415126,0.987686288,0.312581899,0.172814993,0.713178688,0.465403672,0.51530622,0.704380198,1
0.128827133,0.115957756,0.506160126,0.748754107,0.652568456,0.858128568,0.041439928,0.692275351,0.598176838,0.143713358,0.712721546,0.56253868,0.208150502,0.911269951,0.647641263,0.329510698,0.721161313,0.699756149,1
0.768118599,0.516742754,0.298101238,0.045373454,0.959062669,0.678891577,0.211829511,0.504323606,0.125985311,0.039068397,0.685454774,0.627276801,0.074464248,0.196378255,0.790058575,0.108333727,0.141190501,0.907472008,1
0.587522672,0.782256116,0.40265285,0.642760268,0.138212022,0.494594945,0.581468192,0.331185426,0.768979237,0.586755833,0.910152773,0.951160215,0.169564358,0.290870445,0.666108586,0.153431886,0.874116702,0.949863383,1
0.24345658,0.485007634,0.44817848,0.510842068,0.735415898,0.320276189,0.76940501,0.886460735,0.954851189,0.365370435,0.613665992,0.251381608,0.491983851,0.644811391,0.340757857,0.668508779,0.544180581,0.891554728,1
0.718829408,0.829218048,0.64477878,0.95215511,0.920379258,0.725070632,0.806212228,0.003399528,0.544495892,0.426820496,0.005571654,0.164973007,0.694619189,0.417354204,0.399040172,0.413736757,0.618396949,0.811816798,1
0.308274954,0.839349015,0.944939897,0.759154514,0.705560752,0.301630218,0.011980396,0.368697065,0.698873204,0.394326563,0.754025505,0.295516077,0.16623634,0.369600088,0.48003505,0.183373408,0.330471373,0.855370974,1
0.193119002,0.794867915,0.185931839,0.404178084,0.234019586,0.333496012,0.632381287,0.517363393,0.603269068,0.329660043,0.286056332,0.174549417,0.558247811,0.339354298,0.162466768,0.208916195,0.260998995,0.643783486,1
0.292883033,0.290686502,0.559785225,0.391562431,0.342183939,0.184863778,0.824366685,0.784349367,0.299879836,0.320659316,0.815390007,0.089517651,0.398078584,0.547468659,0.512179078,0.981813721,0.109329244,0.097910306,1
0.863584796,0.016715623,0.550946597,0.132418903,0.026400491,0.793265128,0.758545871,0.480635897,0.752105419,0.004882657,0.532585692,0.947906378,0.573440841,0.157853531,0.314206549,0.334341768,0.649687928,0.091446905,1
0.212334042,0.697238779,0.097383334,0.280418889,0.220381437,0.601515298,0.802283387,0.401805073,0.361121499,0.627530153,0.234685638,0.648112214,0.599221114,0.443710754,0.012348883,0.825923217,0.59463367,0.406415543,1
0.974381521,0.138692952,0.120078233,0.18362081,0.577093438,0.363344878,0.519587213,0.153257141,0.533516604,0.067083582,0.09403836,0.677660913,0.267294255,0.300685706,0.842172638,0.942924715,0.917008221,0.899543673,1
0.818728324,0.804059417,0.932292965,0.106162361,0.455306127,0.846731987,0.400991834,0.195847177,0.151587558,0.910065611,0.972228367,0.259963901,0.587138143,0.840564064,0.780017581,0.666370205,0.217802776,0.866516493,1
0.365535076,0.919701324,0.966048238,0.445146195,0.475019687,0.458187165,0.798201573,0.347030556,0.401895063,0.420964768,0.62229491,0.362668126,0.260988689,0.155537055,0.292291685,0.241611291,0.408274909,0.268201725,1
0.36933214,0.281043351,0.515331182,0.533338359,0.71443594,0.505231815,0.720215351,0.253366966,0.434790645,0.22623904,0.544805021,0.993659817,0.884232711,0.314221244,0.90064322,0.176043478,0.491006696,0.334154291,1
0.702202961,0.172329634,0.331111286,0.017627007,0.288508691,0.447381048,0.363958766,0.097356705,0.324622201,0.521792841,0.779477824,0.445530264,0.290866252,0.610644824,0.63830154,0.131945293,0.390483464,0.569823369,1
0.115802134,0.845830241,0.281722979,0.931553565,0.085653867,0.835625112,0.304397204,0.263684023,0.969492234,0.699272025,0.584713052,0.920416497,0.720655287,0.382024776,0.017184275,0.720767212,0.338794081,0.079511249,1
0.105981212,0.1699655,0.613116821,0.699832172,0.041021759,0.474244641,0.942367218,0.982911697,0.306941297,0.92429382,0.658943722,0.533935234,0.300424847,0.859506608,0.410767312,0.266883106,0.884219114,0.212263137,1
0.457450931,0.060942631,0.437698728,0.521741499,0.801960901,0.442322586,0.435728328,0.387648003,0.908905278,0.033244759,0.895883595,0.213819673,0.38911912,0.933190693,0.215706776,0.660153404,0.033846444,0.355276325,1